transaction_id,user_id,timestamp,ip_address,ip_asn,device_fingerprint,purchase_amount,payment_method,transaction_country,user_registered_country,device_type,browser,is_flagged
T00434,U0094,2025-01-02 14:26:12,41.207.104.69,AS7922,81dbb0b54ae74b03,314.58,debit_card,NG,NG,mobile,Safari,0
T00142,U0086,2025-01-04 04:13:08,202.232.136.212,AS3320,1cd0db9e2c4c492f,423.5,crypto,JP,JP,mobile,Safari,0
T00450,U0093,2025-01-05 22:49:58,90.63.236.106,AS7922,f5159ad668714127,336.79,credit_card,FR,FR,unknown,Firefox,0
T00307,U0045,2025-01-06 08:33:50,95.163.65.50,AS15169,74e5734cb1024cfb,134.52,credit_card,RU,RU,desktop,Edge,0
T00230,U0062,2025-01-07 01:56:38,101.160.142.193,AS16509,72f4eb6254ca4629,479.97,bank_transfer,AU,AU,mobile,Edge,0
T00093,U0086,2025-01-07 09:11:18,202.232.136.212,AS3320,1cd0db9e2c4c492f,317.19,bank_transfer,JP,JP,mobile,Firefox,0
T00223,U0029,2025-01-07 15:46:50,101.6.51.19,AS16509,62fa10a5a59e4134,253.09,crypto,CN,CN,mobile,Chrome,0
T00192,U0030,2025-01-09 10:54:55,142.36.145.41,AS15169,a0e9cccfa2774051,200.6,credit_card,CA,CA,mobile,bot_crawler,0
T00119,U0051,2025-01-11 04:59:05,101.160.217.57,AS7922,d3fd0313e2b04209,183.28,bank_transfer,AU,AU,tablet,Edge,0
T00031,U0064,2025-01-13 02:20:42,101.160.242.172,AS3320,0a7ea82979be4b91,35.05,crypto,AU,AU,unknown,Edge,0
T00194,U0055,2025-01-13 07:47:25,86.6.171.82,AS15169,aae48e0433bd4033,146.82,debit_card,GB,GB,mobile,Edge,0
T00275,U0039,2025-01-13 16:44:25,142.36.240.57,AS7922,5516b63125c344ba,140.78,bank_transfer,CA,CA,tablet,Firefox,0
T00349,U0011,2025-01-14 10:57:22,202.232.5.175,AS7018,dac5c2fda97247fe,324.76,crypto,CA,JP,desktop,Chrome,1
T00359,U0099,2025-01-15 17:50:51,90.63.144.186,AS7922,133d79c3309d4388,49.59,debit_card,FR,FR,mobile,Chrome,0
T00340,U0006,2025-01-16 15:54:03,200.57.142.117,AS16509,697639ffa08842f0,8650.93,paypal,MX,MX,unknown,bot_crawler,1
T00385,U0033,2025-01-17 13:46:05,187.0.47.163,AS7922,8779b378b8e7430d,214.15,crypto,BR,BR,mobile,Firefox,0
T00193,U0023,2025-01-18 14:07:53,202.232.30.43,AS16509,3bc5f594464e4ee1,214.31,credit_card,JP,JP,desktop,Chrome,0
T00325,U0089,2025-01-18 20:05:07,192.168.10.196,AS7018,c036571a4cb84873,476.32,credit_card,US,US,unknown,Safari,0
T00141,U0082,2025-01-19 21:31:36,41.207.194.116,AS7018,1ebd677d770f4fdb,29.97,crypto,NG,NG,unknown,Safari,0
T00402,U0067,2025-01-20 15:14:47,86.6.61.204,AS7018,c17b60cd78bf4832,458.51,debit_card,GB,GB,tablet,Safari,0
T00088,U0021,2025-01-21 16:23:24,101.160.93.72,AS16509,4c4a68ccbc10492a,200.85,paypal,AU,AU,mobile,Edge,0
T00424,U0055,2025-01-21 20:18:19,86.6.171.82,AS15169,aae48e0433bd4033,433.0,bank_transfer,GB,GB,desktop,Edge,0
T00318,U0040,2025-01-22 12:43:47,91.194.204.85,AS3320,519ad394190d4220,251.81,bank_transfer,DE,DE,mobile,Safari,0
T00355,U0074,2025-01-22 17:06:23,200.57.207.178,AS3320,e96627a84b564e13,382.44,debit_card,MX,MX,unknown,Safari,0
T00494,U0085,2025-01-22 23:35:41,91.194.232.19,AS15169,4678326f6dbc4c85,103.75,debit_card,DE,DE,tablet,Safari,0
T00219,U0064,2025-01-23 19:25:20,101.160.242.172,AS3320,0a7ea82979be4b91,263.83,credit_card,AU,AU,desktop,Chrome,0
T00334,U0100,2025-01-25 04:31:06,196.25.176.86,AS16509,78b61040dd5c4be6,219.88,debit_card,ZA,ZA,mobile,Safari,0
T00399,U0078,2025-01-26 11:35:40,101.160.64.71,AS7922,6c7af2f876f1404c,158.69,bank_transfer,AU,AU,unknown,Firefox,0
T00033,U0015,2025-01-26 12:12:10,187.0.159.103,AS3320,bcf084b7a2f64693,6467.96,crypto,BR,BR,tablet,Edge,1
T00198,U0047,2025-01-27 03:11:48,200.57.226.173,AS16509,e766f39bd0f04e0a,54.84,credit_card,MX,MX,unknown,bot_crawler,0
T00062,U0073,2025-01-27 12:28:26,86.6.123.177,AS7018,bf9f822ef2d040f8,236.65,paypal,GB,GB,tablet,bot_crawler,0
T00254,U0061,2025-01-27 20:36:19,86.6.93.13,AS16509,b9a0fce6d70c43dd,409.57,crypto,GB,GB,unknown,Firefox,0
T00295,U0091,2025-01-28 12:10:03,86.6.164.172,AS15169,c499ae5c5af343b8,118.1,credit_card,GB,GB,desktop,Chrome,0
T00362,U0040,2025-01-29 04:02:36,91.194.204.85,AS3320,519ad394190d4220,189.55,crypto,DE,DE,desktop,Safari,0
T00238,U0053,2025-01-29 13:07:55,200.57.228.230,AS7018,bf6ea47f0d694c43,45.53,debit_card,MX,MX,unknown,Firefox,0
T00371,U0080,2025-01-29 15:01:16,142.36.58.211,AS16509,dfe8d0e0ccdc4709,399.8,credit_card,CA,CA,tablet,Chrome,0
T00122,U0068,2025-01-29 15:24:23,187.0.174.4,AS7018,41fa29c2c847405d,66.91,paypal,BR,BR,desktop,Edge,0
T00383,U0007,2025-01-31 15:54:51,90.63.125.42,AS3320,ae7cbb76b6294e2b,200.03,credit_card,FR,FR,mobile,Chrome,0
T00165,U0053,2025-01-31 16:36:27,200.57.228.230,AS7018,bf6ea47f0d694c43,176.1,crypto,MX,MX,tablet,Edge,0
T00270,U0057,2025-02-02 21:56:44,187.0.215.100,AS3320,b221c63a4e23472f,337.02,paypal,BR,BR,desktop,Firefox,0
T00422,U0020,2025-02-04 16:20:04,202.232.31.104,AS7922,fb2ece9dba1d40b8,114.79,debit_card,JP,JP,tablet,Edge,0
T00242,U0038,2025-02-04 19:18:29,200.57.170.201,AS3320,6ed2da2db55f42bb,179.83,credit_card,MX,MX,tablet,Edge,0
T00333,U0077,2025-02-07 02:50:32,101.160.144.252,AS7018,2ae78e61ce814c01,254.68,crypto,AU,AU,desktop,bot_crawler,0
T00018,U0037,2025-02-07 17:53:42,95.163.208.250,AS7018,a9f5c63ba1a8409a,120.99,bank_transfer,RU,RU,mobile,Edge,0
T00476,U0037,2025-02-07 20:10:43,95.163.208.250,AS7018,a9f5c63ba1a8409a,380.1,debit_card,RU,RU,desktop,Safari,0
T00261,U0055,2025-02-07 21:54:45,86.6.171.82,AS15169,aae48e0433bd4033,221.45,crypto,GB,GB,tablet,Chrome,0
T00058,U0026,2025-02-09 22:12:27,192.168.35.153,AS3320,e623c92ebce142ce,77.34,debit_card,US,US,mobile,bot_crawler,0
T00067,U0080,2025-02-10 04:42:26,142.36.58.211,AS16509,dfe8d0e0ccdc4709,405.62,paypal,CA,CA,desktop,bot_crawler,0
T00032,U0049,2025-02-11 22:16:37,95.163.75.7,AS3320,38d39832d391480c,247.19,crypto,RU,RU,desktop,Chrome,0
T00188,U0006,2025-02-13 13:51:42,200.57.142.117,AS16509,ae863270920a40dc,5747.36,debit_card,NG,MX,mobile,Safari,1
T00462,U0099,2025-02-13 20:39:12,90.63.144.186,AS7922,133d79c3309d4388,443.47,crypto,FR,FR,desktop,Chrome,0
T00262,U0007,2025-02-14 16:40:20,90.63.125.42,AS3320,8a7f1c9e46824138,3824.59,debit_card,MX,FR,mobile,bot_crawler,1
T00271,U0028,2025-02-15 10:02:34,59.6.122.68,AS15169,796133f910d14706,95.42,debit_card,KR,KR,unknown,Edge,0
T00183,U0085,2025-02-15 21:56:07,91.194.232.19,AS15169,4678326f6dbc4c85,234.91,debit_card,DE,DE,unknown,bot_crawler,0
T00338,U0097,2025-02-16 21:20:52,59.6.212.214,AS15169,8af6da1f18644501,269.75,debit_card,KR,KR,unknown,Safari,0
T00443,U0056,2025-02-17 23:59:22,142.36.109.17,AS3320,e70bc8c78cdb4469,275.36,crypto,CA,CA,mobile,Firefox,0
T00024,U0054,2025-02-18 21:41:44,91.194.248.161,AS7018,47ba0517c92840da,393.77,debit_card,DE,DE,desktop,bot_crawler,0
T00435,U0028,2025-02-20 01:43:19,59.6.122.68,AS15169,796133f910d14706,55.74,bank_transfer,KR,KR,tablet,Firefox,0
T00120,U0019,2025-02-20 09:33:19,101.160.49.169,AS7922,4b0b85175b664570,307.3,credit_card,AU,AU,desktop,Safari,0
T00220,U0097,2025-02-23 09:30:50,59.6.212.214,AS15169,8af6da1f18644501,421.22,debit_card,KR,KR,desktop,Firefox,0
T00090,U0083,2025-02-23 10:31:16,91.194.106.161,AS7922,5abd0d17a3464362,23.92,crypto,DE,DE,mobile,Edge,0
T00244,U0096,2025-02-23 22:04:59,187.0.236.243,AS7922,bc8dc6a3390144eb,137.85,paypal,BR,BR,unknown,Firefox,0
T00280,U0076,2025-02-24 01:45:50,91.194.161.31,AS3320,d2bc10b1f0a545a1,392.72,debit_card,DE,DE,desktop,bot_crawler,0
T00017,U0037,2025-02-24 06:48:58,95.163.208.250,AS7018,a9f5c63ba1a8409a,27.4,credit_card,RU,RU,tablet,Edge,0
T00417,U0049,2025-02-24 08:14:15,95.163.75.7,AS3320,38d39832d391480c,361.31,crypto,RU,RU,tablet,Safari,0
T00218,U0096,2025-02-24 08:30:28,187.0.236.243,AS7922,bc8dc6a3390144eb,360.83,crypto,BR,BR,mobile,bot_crawler,0
T00273,U0029,2025-02-24 11:39:30,101.6.51.19,AS16509,62fa10a5a59e4134,97.43,crypto,CN,CN,desktop,Safari,0
T00026,U0013,2025-02-26 04:35:22,142.36.9.29,AS16509,4cc6bde4f2fa4e39,399.47,debit_card,KR,CA,desktop,Safari,1
T00389,U0058,2025-02-27 13:19:18,101.6.214.138,AS16509,53f95edfd64e4564,284.9,bank_transfer,CN,CN,desktop,Chrome,0
T00204,U0097,2025-02-27 22:48:32,59.6.212.214,AS15169,8af6da1f18644501,153.14,debit_card,KR,KR,unknown,Firefox,0
T00337,U0036,2025-03-02 08:31:52,202.232.20.231,AS15169,b1f5750efecf443f,57.19,crypto,JP,JP,unknown,Safari,0
T00043,U0070,2025-03-03 03:09:38,101.6.44.72,AS3320,7f61642e42a04123,187.81,paypal,CN,CN,desktop,Chrome,0
T00044,U0058,2025-03-03 03:09:59,101.6.214.138,AS16509,53f95edfd64e4564,377.69,credit_card,CN,CN,desktop,Safari,0
T00354,U0066,2025-03-03 23:48:39,86.6.192.102,AS7018,0736194f6b8e44e8,54.47,debit_card,GB,GB,tablet,bot_crawler,0
T00086,U0025,2025-03-04 06:13:09,192.168.29.13,AS15169,f79f721d00094dbb,139.76,bank_transfer,US,US,mobile,Edge,0
T00373,U0056,2025-03-04 11:44:18,142.36.109.17,AS3320,e70bc8c78cdb4469,366.6,bank_transfer,CA,CA,desktop,Safari,0
T00314,U0006,2025-03-05 15:01:50,200.57.142.117,AS16509,5ce1e1880c5843e4,3858.68,paypal,US,MX,mobile,Safari,1
T00298,U0020,2025-03-05 17:40:37,202.232.31.104,AS7922,fb2ece9dba1d40b8,222.41,debit_card,JP,JP,mobile,Edge,0
T00245,U0045,2025-03-06 22:29:09,95.163.65.50,AS15169,74e5734cb1024cfb,219.73,crypto,RU,RU,tablet,Edge,0
T00440,U0044,2025-03-07 15:03:07,90.63.160.170,AS15169,04840810b554425d,65.84,credit_card,FR,FR,unknown,Safari,0
T00068,U0064,2025-03-09 00:21:56,101.160.242.172,AS3320,0a7ea82979be4b91,24.34,crypto,AU,AU,unknown,bot_crawler,0
T00409,U0064,2025-03-09 06:20:49,101.160.242.172,AS3320,0a7ea82979be4b91,301.96,credit_card,AU,AU,mobile,Safari,0
T00356,U0081,2025-03-10 09:22:27,86.6.155.22,AS3320,8a8235a119404e01,121.86,paypal,GB,GB,tablet,bot_crawler,0
T00352,U0069,2025-03-11 20:00:19,202.232.222.46,AS3320,8cfa9b9fb1ec4d77,17.88,bank_transfer,JP,JP,mobile,Chrome,0
T00428,U0053,2025-03-12 01:02:48,200.57.228.230,AS7018,bf6ea47f0d694c43,389.8,crypto,MX,MX,tablet,Firefox,0
T00099,U0017,2025-03-12 18:57:14,192.168.16.221,AS7922,38cae111911243b9,405.88,credit_card,US,US,unknown,Chrome,0
T00264,U0017,2025-03-13 15:12:54,192.168.16.221,AS7922,38cae111911243b9,97.08,crypto,US,US,unknown,Chrome,0
T00177,U0053,2025-03-14 07:30:04,200.57.228.230,AS7018,bf6ea47f0d694c43,11.96,paypal,MX,MX,tablet,bot_crawler,0
T00095,U0021,2025-03-14 17:53:31,101.160.93.72,AS16509,4c4a68ccbc10492a,333.2,credit_card,AU,AU,tablet,Chrome,0
T00241,U0024,2025-03-14 18:37:04,91.194.249.40,AS7018,d90c8e4c18494394,217.9,bank_transfer,DE,DE,unknown,Chrome,0
T00066,U0020,2025-03-15 02:31:08,202.232.31.104,AS7922,fb2ece9dba1d40b8,163.83,crypto,JP,JP,mobile,Chrome,0
T00102,U0009,2025-03-16 05:12:47,142.36.134.192,AS14061,c5540ff8fed045a0,8703.24,paypal,RU,RU,desktop,Safari,1
T00224,U0004,2025-03-16 12:56:11,202.232.124.254,AS200000,b97525f421274a89,500,debit_card,DE,GB,tablet,Chrome,1
T00057,U0034,2025-03-17 07:18:48,192.168.82.190,AS15169,3a40c80861a04eda,452.53,paypal,US,US,tablet,Firefox,0
T00247,U0076,2025-03-17 22:38:29,91.194.161.31,AS3320,d2bc10b1f0a545a1,231.18,debit_card,DE,DE,tablet,Chrome,0
T00215,U0058,2025-03-18 04:38:23,101.6.214.138,AS16509,53f95edfd64e4564,167.95,crypto,CN,CN,mobile,Edge,0
T00350,U0011,2025-03-19 11:04:53,202.232.5.175,AS7018,725912f91a9d422f,128.08,credit_card,CN,JP,unknown,Safari,1
T00252,U0100,2025-03-19 14:16:17,196.25.176.86,AS16509,78b61040dd5c4be6,297.56,bank_transfer,ZA,ZA,mobile,bot_crawler,0
T00100,U0039,2025-03-20 06:57:51,142.36.240.57,AS7922,5516b63125c344ba,26.64,debit_card,CA,CA,desktop,Safari,0
T00292,U0098,2025-03-20 13:44:32,101.6.69.222,AS3320,bc139bceaca847b7,496.87,debit_card,CN,CN,tablet,Firefox,0
T00133,U0022,2025-03-21 05:37:56,101.6.7.249,AS7018,79052ce555554456,173.06,debit_card,CN,CN,tablet,Safari,0
T00160,U0089,2025-03-22 12:33:53,192.168.10.196,AS7018,c036571a4cb84873,282.08,crypto,US,US,unknown,Safari,0
T00046,U0069,2025-03-25 17:14:54,202.232.222.46,AS3320,8cfa9b9fb1ec4d77,377.94,credit_card,JP,JP,tablet,Edge,0
T00278,U0092,2025-03-26 20:57:30,202.232.18.117,AS16509,b4e502dd34b64c42,493.95,credit_card,JP,JP,mobile,Safari,0
T00030,U0044,2025-03-28 00:59:36,90.63.160.170,AS15169,04840810b554425d,472.04,credit_card,FR,FR,tablet,Edge,0
T00344,U0059,2025-03-28 07:52:32,101.6.14.100,AS16509,efa6c11e0130491b,69.57,crypto,CN,CN,tablet,Chrome,0
T00469,U0044,2025-03-28 11:46:30,90.63.160.170,AS15169,04840810b554425d,276.94,crypto,FR,FR,unknown,Firefox,0
T00118,U0034,2025-03-29 02:05:00,192.168.82.190,AS15169,3a40c80861a04eda,64.95,debit_card,US,US,mobile,Firefox,0
T00407,U0064,2025-03-29 10:11:46,101.160.242.172,AS3320,0a7ea82979be4b91,339.78,paypal,AU,AU,unknown,bot_crawler,0
T00228,U0060,2025-03-31 05:34:44,196.25.13.233,AS7018,3301902549374e07,109.44,bank_transfer,ZA,ZA,unknown,Safari,0
T00201,U0039,2025-04-01 22:32:36,142.36.240.57,AS7922,5516b63125c344ba,408.0,bank_transfer,CA,CA,tablet,bot_crawler,0
T00200,U0073,2025-04-02 00:12:01,86.6.123.177,AS7018,bf9f822ef2d040f8,271.64,credit_card,GB,GB,mobile,bot_crawler,0
T00497,U0032,2025-04-03 06:33:01,86.6.107.184,AS15169,1e0b4ea6e6fd4272,257.4,paypal,GB,GB,desktop,Edge,0
T00305,U0037,2025-04-04 15:02:41,95.163.208.250,AS7018,a9f5c63ba1a8409a,251.79,bank_transfer,RU,RU,desktop,bot_crawler,0
T00157,U0049,2025-04-05 01:26:08,95.163.75.7,AS3320,38d39832d391480c,20.6,credit_card,RU,RU,mobile,Chrome,0
T00293,U0011,2025-04-08 05:47:50,90.63.219.168,AS3320,725912f91a9d422f,6845.72,credit_card,FR,JP,desktop,Chrome,1
T00008,U0065,2025-04-08 08:00:39,101.6.85.156,AS15169,fc7b187608f24dcc,339.82,debit_card,CN,CN,desktop,Chrome,0
T00499,U0031,2025-04-08 14:40:08,41.207.153.239,AS7018,a2b5a87740f44fda,105.33,crypto,NG,NG,mobile,Safari,0
T00319,U0078,2025-04-10 01:51:15,101.160.64.71,AS7922,6c7af2f876f1404c,387.02,bank_transfer,AU,AU,desktop,Firefox,0
T00386,U0013,2025-04-11 03:40:30,142.36.9.29,AS16509,1eb46e2455724a72,162.96,credit_card,CA,CA,desktop,Edge,0
T00214,U0079,2025-04-12 06:35:27,117.217.145.121,AS7922,ee4cb850cfd24273,278.34,bank_transfer,IN,IN,unknown,Safari,0
T00372,U0062,2025-04-12 09:53:11,101.160.142.193,AS16509,72f4eb6254ca4629,475.12,credit_card,AU,AU,tablet,Firefox,0
T00113,U0075,2025-04-12 15:56:07,101.6.169.91,AS7018,577315ae51db4ff8,387.83,crypto,CN,CN,mobile,bot_crawler,0
T00339,U0022,2025-04-13 22:03:10,101.6.7.249,AS7018,79052ce555554456,426.13,credit_card,CN,CN,mobile,Safari,0
T00282,U0006,2025-04-14 19:49:04,41.207.30.71,AS16509,f4329b6b8b3c419e,449.68,debit_card,NG,MX,mobile,Firefox,1
T00277,U0037,2025-04-15 00:54:20,95.163.208.250,AS7018,a9f5c63ba1a8409a,387.91,paypal,RU,RU,desktop,Edge,0
T00166,U0012,2025-04-16 07:08:24,86.6.91.130,AS15169,610575450e974f66,72.81,debit_card,NG,GB,desktop,bot_crawler,1
T00336,U0080,2025-04-16 14:48:44,142.36.58.211,AS16509,dfe8d0e0ccdc4709,120.4,debit_card,CA,CA,mobile,bot_crawler,0
T00127,U0005,2025-04-17 14:04:08,59.6.185.148,AS7018,bd8c5b15808645e7,3446.25,debit_card,KR,KR,mobile,Firefox,1
T00107,U0035,2025-04-17 15:02:29,187.0.18.214,AS3320,dd52382217524121,320.9,credit_card,BR,BR,desktop,Edge,0
T00392,U0081,2025-04-17 23:02:45,86.6.155.22,AS3320,8a8235a119404e01,204.07,bank_transfer,GB,GB,unknown,Chrome,0
T00286,U0031,2025-04-19 01:15:04,41.207.153.239,AS7018,a2b5a87740f44fda,348.18,paypal,NG,NG,unknown,Edge,0
T00353,U0059,2025-04-20 02:28:56,101.6.14.100,AS16509,efa6c11e0130491b,33.94,crypto,CN,CN,tablet,bot_crawler,0
T00047,U0037,2025-04-21 00:02:54,95.163.208.250,AS7018,a9f5c63ba1a8409a,340.04,bank_transfer,RU,RU,unknown,bot_crawler,0
T00308,U0044,2025-04-22 06:15:35,90.63.160.170,AS15169,04840810b554425d,315.51,bank_transfer,FR,FR,unknown,Edge,0
T00064,U0009,2025-04-22 11:45:06,142.36.134.192,AS14061,ea4118a54cff46ce,8723.09,bank_transfer,KR,RU,unknown,Edge,1
T00170,U0090,2025-04-22 13:19:04,200.57.142.47,AS16509,969fc44a91cb41f8,163.66,credit_card,MX,MX,desktop,bot_crawler,0
T00117,U0092,2025-04-23 18:22:21,202.232.18.117,AS16509,b4e502dd34b64c42,445.32,debit_card,JP,JP,mobile,Safari,0
T00487,U0070,2025-04-25 05:53:46,101.6.44.72,AS3320,7f61642e42a04123,228.71,debit_card,CN,CN,mobile,Edge,0
T00105,U0084,2025-04-25 19:33:50,142.36.80.1,AS7922,e69e592b86094e90,156.41,bank_transfer,CA,CA,unknown,Firefox,0
T00078,U0023,2025-04-25 20:58:55,202.232.30.43,AS16509,3bc5f594464e4ee1,422.15,credit_card,JP,JP,desktop,Safari,0
T00452,U0067,2025-04-25 23:07:36,86.6.61.204,AS7018,c17b60cd78bf4832,135.48,credit_card,GB,GB,desktop,Firefox,0
T00231,U0023,2025-04-27 05:27:46,202.232.30.43,AS16509,3bc5f594464e4ee1,85.25,debit_card,JP,JP,unknown,bot_crawler,0
T00420,U0044,2025-04-27 14:01:06,90.63.160.170,AS15169,04840810b554425d,422.64,bank_transfer,FR,FR,mobile,Safari,0
T00205,U0095,2025-04-27 19:03:59,101.6.122.182,AS7922,9affa44c7b134d41,428.63,debit_card,CN,CN,unknown,Chrome,0
T00049,U0047,2025-04-28 01:25:55,200.57.226.173,AS16509,e766f39bd0f04e0a,471.99,debit_card,MX,MX,tablet,Safari,0
T00125,U0058,2025-04-29 02:38:46,101.6.214.138,AS16509,53f95edfd64e4564,86.34,paypal,CN,CN,mobile,Safari,0
T00048,U0085,2025-04-30 18:40:37,91.194.232.19,AS15169,4678326f6dbc4c85,27.44,crypto,DE,DE,desktop,Chrome,0
T00081,U0026,2025-05-01 04:26:59,192.168.35.153,AS3320,e623c92ebce142ce,482.0,crypto,US,US,mobile,Safari,0
T00310,U0063,2025-05-01 08:32:29,101.6.35.200,AS3320,55f94da558824b23,44.04,debit_card,CN,CN,mobile,bot_crawler,0
T00260,U0016,2025-05-02 03:01:43,86.6.10.151,AS15169,e176c925c4ff49f6,174.47,debit_card,GB,GB,unknown,Safari,0
T00158,U0073,2025-05-02 19:49:33,86.6.123.177,AS7018,bf9f822ef2d040f8,211.88,crypto,GB,GB,mobile,Edge,0
T00366,U0043,2025-05-04 13:59:47,202.232.223.1,AS7922,6684a51cbf0f4d18,459.99,bank_transfer,JP,JP,mobile,bot_crawler,0
T00368,U0016,2025-05-05 02:07:47,86.6.10.151,AS15169,e176c925c4ff49f6,87.94,credit_card,GB,GB,tablet,Edge,0
T00180,U0091,2025-05-06 16:11:10,86.6.164.172,AS15169,c499ae5c5af343b8,467.3,credit_card,GB,GB,tablet,Edge,0
T00053,U0079,2025-05-07 03:03:31,117.217.145.121,AS7922,ee4cb850cfd24273,89.91,bank_transfer,IN,IN,unknown,Safari,0
T00251,U0054,2025-05-07 13:28:47,91.194.248.161,AS7018,47ba0517c92840da,190.77,crypto,DE,DE,tablet,Chrome,0
T00179,U0034,2025-05-08 08:29:52,192.168.82.190,AS15169,3a40c80861a04eda,47.85,credit_card,US,US,mobile,Firefox,0
T00071,U0045,2025-05-09 00:56:26,95.163.65.50,AS15169,74e5734cb1024cfb,51.69,crypto,RU,RU,tablet,Safari,0
T00263,U0078,2025-05-09 13:02:49,101.160.64.71,AS7922,6c7af2f876f1404c,281.57,crypto,AU,AU,mobile,Edge,0
T00248,U0088,2025-05-10 00:29:19,187.0.20.228,AS7922,145a090ffe1044e5,420.76,crypto,BR,BR,tablet,Edge,0
T00149,U0053,2025-05-10 08:09:51,200.57.228.230,AS7018,bf6ea47f0d694c43,402.16,bank_transfer,MX,MX,unknown,Firefox,0
T00414,U0045,2025-05-11 14:23:26,95.163.65.50,AS15169,74e5734cb1024cfb,493.25,paypal,RU,RU,tablet,Safari,0
T00097,U0045,2025-05-14 21:47:31,95.163.65.50,AS15169,74e5734cb1024cfb,124.12,credit_card,RU,RU,tablet,Firefox,0
T00002,U0073,2025-05-15 04:54:18,86.6.123.177,AS7018,bf9f822ef2d040f8,492.9,paypal,GB,GB,unknown,Safari,0
T00233,U0031,2025-05-15 07:38:39,41.207.153.239,AS7018,a2b5a87740f44fda,31.53,crypto,NG,NG,mobile,Chrome,0
T00405,U0019,2025-05-16 19:59:54,101.160.49.169,AS7922,4b0b85175b664570,175.06,paypal,AU,AU,desktop,Safari,0
T00063,U0027,2025-05-17 16:20:21,86.6.20.159,AS7018,232815030b754fb6,255.62,paypal,GB,GB,unknown,Edge,0
T00098,U0060,2025-05-17 19:39:54,196.25.13.233,AS7018,3301902549374e07,274.73,debit_card,ZA,ZA,unknown,Edge,0
T00038,U0097,2025-05-18 07:46:22,59.6.212.214,AS15169,8af6da1f18644501,436.56,crypto,KR,KR,desktop,Safari,0
T00448,U0014,2025-05-20 00:04:23,101.160.64.33,AS7922,70a03fb3004c4625,352.5,paypal,AU,AU,mobile,Chrome,0
T00496,U0009,2025-05-20 07:09:45,142.36.134.192,AS14061,ea4118a54cff46ce,407.13,credit_card,RU,RU,mobile,bot_crawler,0
T00256,U0009,2025-05-20 15:03:27,95.163.85.166,AS200000,ea4118a54cff46ce,298.35,bank_transfer,RU,RU,desktop,bot_crawler,1
T00246,U0023,2025-05-21 05:55:41,202.232.30.43,AS16509,3bc5f594464e4ee1,129.34,debit_card,JP,JP,unknown,bot_crawler,0
T00076,U0034,2025-05-21 12:28:56,192.168.82.190,AS15169,3a40c80861a04eda,14.01,paypal,US,US,mobile,Firefox,0
T00474,U0070,2025-05-22 02:35:50,101.6.44.72,AS3320,7f61642e42a04123,412.7,debit_card,CN,CN,unknown,Safari,0
T00321,U0055,2025-05-22 08:30:24,86.6.171.82,AS15169,aae48e0433bd4033,194.19,debit_card,GB,GB,mobile,Chrome,0
T00143,U0050,2025-05-23 01:17:40,41.207.99.184,AS7018,b865bf5af80c4578,382.35,paypal,NG,NG,desktop,Edge,0
T00104,U0008,2025-05-23 15:55:17,101.6.150.83,AS3320,5a222c698f7b4df6,400.77,credit_card,CN,RU,desktop,Safari,1
T00296,U0062,2025-05-23 17:55:23,101.160.142.193,AS16509,72f4eb6254ca4629,440.21,debit_card,AU,AU,unknown,Firefox,0
T00153,U0079,2025-05-24 01:20:37,117.217.145.121,AS7922,ee4cb850cfd24273,168.63,credit_card,IN,IN,unknown,bot_crawler,0
T00213,U0047,2025-05-24 23:13:13,200.57.226.173,AS16509,e766f39bd0f04e0a,159.58,credit_card,MX,MX,mobile,Firefox,0
T00019,U0067,2025-05-25 02:04:40,86.6.61.204,AS7018,c17b60cd78bf4832,336.22,bank_transfer,GB,GB,unknown,bot_crawler,0
T00423,U0071,2025-05-25 08:19:52,41.207.253.218,AS7922,fa21bb95f16244e3,133.72,paypal,NG,NG,unknown,Chrome,0
T00324,U0068,2025-05-25 18:49:26,187.0.174.4,AS7018,41fa29c2c847405d,63.98,credit_card,BR,BR,mobile,Firefox,0
T00221,U0001,2025-05-25 22:28:57,142.36.52.174,AS210000,c50a097a22d24608,6594.01,crypto,CN,RU,desktop,Chrome,1
T00089,U0063,2025-05-26 14:26:21,101.6.35.200,AS3320,55f94da558824b23,115.92,paypal,CN,CN,desktop,Safari,0
T00226,U0056,2025-05-27 11:28:30,142.36.109.17,AS3320,e70bc8c78cdb4469,278.03,credit_card,CA,CA,desktop,Firefox,0
T00237,U0084,2025-05-28 14:32:04,142.36.80.1,AS7922,e69e592b86094e90,47.33,bank_transfer,CA,CA,tablet,Firefox,0
T00004,U0026,2025-05-29 02:34:22,192.168.35.153,AS3320,e623c92ebce142ce,287.53,bank_transfer,US,US,tablet,Safari,0
T00195,U0003,2025-05-29 12:58:06,101.6.68.168,AS7018,6371429d7e464ec4,9219.96,paypal,CN,CN,desktop,Firefox,1
T00391,U0072,2025-05-29 18:13:26,101.160.141.143,AS15169,9c50671ed8fe46ed,328.47,bank_transfer,AU,AU,unknown,Chrome,0
T00432,U0091,2025-05-29 20:46:04,86.6.164.172,AS15169,c499ae5c5af343b8,7.31,bank_transfer,GB,GB,mobile,Safari,0
T00232,U0071,2025-05-30 01:42:21,41.207.253.218,AS7922,fa21bb95f16244e3,378.27,debit_card,NG,NG,desktop,bot_crawler,0
T00406,U0038,2025-05-31 03:03:11,200.57.170.201,AS3320,6ed2da2db55f42bb,29.53,bank_transfer,MX,MX,mobile,Firefox,0
T00485,U0036,2025-05-31 10:52:54,202.232.20.231,AS15169,b1f5750efecf443f,329.82,bank_transfer,JP,JP,tablet,bot_crawler,0
T00239,U0074,2025-06-01 07:32:24,200.57.207.178,AS3320,e96627a84b564e13,161.44,credit_card,MX,MX,desktop,Chrome,0
T00376,U0007,2025-06-02 14:06:50,95.163.245.52,AS210000,e300b101d93d40f0,80.87,credit_card,US,FR,desktop,Firefox,1
T00196,U0086,2025-06-02 15:34:19,202.232.136.212,AS3320,1cd0db9e2c4c492f,266.25,debit_card,JP,JP,desktop,Chrome,0
T00014,U0002,2025-06-03 05:42:05,41.207.101.184,AS14061,af1985ee7a504e31,5643.24,paypal,ZA,US,unknown,Safari,1
T00412,U0065,2025-06-04 05:43:47,101.6.85.156,AS15169,fc7b187608f24dcc,293.74,credit_card,CN,CN,tablet,bot_crawler,0
T00387,U0002,2025-06-04 07:37:01,41.207.101.184,AS14061,75fbfc89a482457c,277.71,paypal,US,US,unknown,Chrome,0
T00457,U0037,2025-06-05 15:31:01,95.163.208.250,AS7018,a9f5c63ba1a8409a,202.72,crypto,RU,RU,tablet,Edge,0
T00148,U0034,2025-06-05 21:11:55,192.168.82.190,AS15169,3a40c80861a04eda,252.04,credit_card,US,US,desktop,Firefox,0
T00309,U0041,2025-06-06 05:29:50,90.63.169.241,AS7018,009b671141aa4303,45.72,bank_transfer,FR,FR,mobile,Safari,0
T00418,U0021,2025-06-07 03:08:06,101.160.93.72,AS16509,4c4a68ccbc10492a,196.81,credit_card,AU,AU,mobile,Safari,0
T00169,U0078,2025-06-08 00:39:08,101.160.64.71,AS7922,6c7af2f876f1404c,327.53,crypto,AU,AU,unknown,Firefox,0
T00021,U0076,2025-06-08 11:54:56,91.194.161.31,AS3320,d2bc10b1f0a545a1,468.89,paypal,DE,DE,desktop,Safari,0
T00472,U0046,2025-06-10 03:16:25,41.207.0.78,AS7018,2c3d3c9a22474f1c,22.7,bank_transfer,NG,NG,desktop,Chrome,0
T00332,U0089,2025-06-10 09:58:06,192.168.10.196,AS7018,c036571a4cb84873,351.22,paypal,US,US,unknown,Chrome,0
T00259,U0039,2025-06-11 13:10:19,142.36.240.57,AS7922,5516b63125c344ba,459.75,credit_card,CA,CA,desktop,Firefox,0
T00323,U0054,2025-06-11 15:47:33,91.194.248.161,AS7018,47ba0517c92840da,457.43,paypal,DE,DE,tablet,Chrome,0
T00498,U0032,2025-06-11 18:40:43,86.6.107.184,AS15169,1e0b4ea6e6fd4272,477.61,paypal,GB,GB,desktop,Chrome,0
T00486,U0032,2025-06-12 14:14:17,86.6.107.184,AS15169,1e0b4ea6e6fd4272,488.87,debit_card,GB,GB,tablet,Edge,0
T00331,U0010,2025-06-13 00:58:02,192.168.78.161,AS14061,8e5eab1328644597,1162.95,credit_card,AU,AU,desktop,Firefox,1
T00272,U0013,2025-06-14 07:00:26,142.36.9.29,AS16509,1eb46e2455724a72,6573.08,debit_card,CN,CA,mobile,Edge,1
T00348,U0049,2025-06-15 16:47:48,95.163.75.7,AS3320,38d39832d391480c,90.37,debit_card,RU,RU,mobile,Safari,0
T00094,U0039,2025-06-16 16:47:47,142.36.240.57,AS7922,5516b63125c344ba,5.77,paypal,CA,CA,mobile,bot_crawler,0
T00249,U0071,2025-06-17 05:38:02,41.207.253.218,AS7922,fa21bb95f16244e3,407.84,bank_transfer,NG,NG,mobile,Safari,0
T00054,U0024,2025-06-19 14:26:55,91.194.249.40,AS7018,d90c8e4c18494394,422.18,debit_card,DE,DE,unknown,bot_crawler,0
T00380,U0008,2025-06-20 18:40:40,91.194.43.172,AS7922,c9d580f4fc504711,2726.45,paypal,DE,RU,unknown,bot_crawler,1
T00189,U0089,2025-06-21 14:15:08,192.168.10.196,AS7018,c036571a4cb84873,62.42,debit_card,US,US,unknown,Chrome,0
T00346,U0014,2025-06-22 05:04:46,101.160.64.33,AS7922,5aca9b5e361c4eda,500,credit_card,AU,AU,mobile,bot_crawler,1
T00106,U0061,2025-06-22 09:31:33,86.6.93.13,AS16509,b9a0fce6d70c43dd,178.66,credit_card,GB,GB,tablet,bot_crawler,0
T00240,U0028,2025-06-22 17:14:19,59.6.122.68,AS15169,796133f910d14706,182.8,paypal,KR,KR,desktop,Firefox,0
T00190,U0034,2025-06-23 00:11:58,192.168.82.190,AS15169,3a40c80861a04eda,404.49,crypto,US,US,mobile,bot_crawler,0
T00181,U0026,2025-06-23 11:52:36,192.168.35.153,AS3320,e623c92ebce142ce,377.36,paypal,US,US,tablet,bot_crawler,0
T00471,U0051,2025-06-23 14:58:36,101.160.217.57,AS7922,d3fd0313e2b04209,161.13,crypto,AU,AU,desktop,Chrome,0
T00384,U0090,2025-06-24 09:21:13,200.57.142.47,AS16509,969fc44a91cb41f8,90.4,debit_card,MX,MX,mobile,Firefox,0
T00136,U0069,2025-06-24 14:32:18,202.232.222.46,AS3320,8cfa9b9fb1ec4d77,127.47,credit_card,JP,JP,desktop,Safari,0
T00185,U0058,2025-06-26 16:42:30,101.6.214.138,AS16509,53f95edfd64e4564,374.38,bank_transfer,CN,CN,tablet,Edge,0
T00191,U0021,2025-06-27 09:40:13,101.160.93.72,AS16509,4c4a68ccbc10492a,283.57,bank_transfer,AU,AU,unknown,Safari,0
T00276,U0059,2025-06-27 14:32:39,101.6.14.100,AS16509,efa6c11e0130491b,284.43,crypto,CN,CN,desktop,bot_crawler,0
T00411,U0016,2025-06-28 06:10:17,86.6.10.151,AS15169,e176c925c4ff49f6,129.49,crypto,GB,GB,tablet,bot_crawler,0
T00470,U0063,2025-06-28 07:04:18,101.6.35.200,AS3320,55f94da558824b23,224.43,bank_transfer,CN,CN,unknown,Chrome,0
T00161,U0081,2025-06-28 12:22:28,86.6.155.22,AS3320,8a8235a119404e01,455.59,paypal,GB,GB,tablet,Safari,0
T00013,U0037,2025-07-01 21:09:53,95.163.208.250,AS7018,a9f5c63ba1a8409a,480.67,debit_card,RU,RU,mobile,Edge,0
T00421,U0004,2025-07-02 19:59:44,86.6.135.207,AS7018,feceae70019d431a,68.2,paypal,GB,GB,mobile,Safari,0
T00168,U0053,2025-07-03 11:07:24,200.57.228.230,AS7018,bf6ea47f0d694c43,54.67,debit_card,MX,MX,desktop,bot_crawler,0
T00492,U0002,2025-07-06 13:22:19,41.207.101.184,AS14061,75fbfc89a482457c,292.91,crypto,US,US,tablet,Edge,0
T00156,U0077,2025-07-06 14:06:26,101.160.144.252,AS7018,2ae78e61ce814c01,89.23,bank_transfer,AU,AU,unknown,Firefox,0
T00460,U0057,2025-07-07 10:51:20,187.0.215.100,AS3320,b221c63a4e23472f,401.32,crypto,BR,BR,mobile,bot_crawler,0
T00162,U0076,2025-07-08 00:53:08,91.194.161.31,AS3320,d2bc10b1f0a545a1,99.98,debit_card,DE,DE,tablet,bot_crawler,0
T00398,U0074,2025-07-08 03:29:51,200.57.207.178,AS3320,e96627a84b564e13,380.19,paypal,MX,MX,desktop,bot_crawler,0
T00404,U0003,2025-07-09 19:49:21,101.6.216.88,AS3320,dc97c35f83654804,298.46,debit_card,CN,CN,unknown,bot_crawler,0
T00468,U0090,2025-07-10 22:29:28,200.57.142.47,AS16509,969fc44a91cb41f8,163.39,paypal,MX,MX,tablet,Chrome,0
T00449,U0019,2025-07-12 18:21:40,101.160.49.169,AS7922,4b0b85175b664570,454.72,crypto,AU,AU,tablet,Firefox,0
T00447,U0036,2025-07-13 07:15:51,202.232.20.231,AS15169,b1f5750efecf443f,103.13,debit_card,JP,JP,tablet,bot_crawler,0
T00139,U0022,2025-07-13 16:46:38,101.6.7.249,AS7018,79052ce555554456,439.26,crypto,CN,CN,desktop,Chrome,0
T00227,U0063,2025-07-14 03:01:04,101.6.35.200,AS3320,55f94da558824b23,422.59,paypal,CN,CN,desktop,bot_crawler,0
T00425,U0052,2025-07-14 08:47:14,192.168.233.35,AS7922,7b25373c91504083,64.19,crypto,US,US,tablet,Edge,0
T00124,U0035,2025-07-15 07:01:48,187.0.18.214,AS3320,dd52382217524121,454.89,credit_card,BR,BR,desktop,bot_crawler,0
T00145,U0032,2025-07-15 20:00:07,86.6.107.184,AS15169,1e0b4ea6e6fd4272,227.48,bank_transfer,GB,GB,tablet,bot_crawler,0
T00403,U0022,2025-07-16 04:07:08,101.6.7.249,AS7018,79052ce555554456,201.09,credit_card,CN,CN,desktop,Firefox,0
T00140,U0088,2025-07-16 07:05:01,187.0.20.228,AS7922,145a090ffe1044e5,230.87,debit_card,BR,BR,mobile,bot_crawler,0
T00096,U0010,2025-07-17 03:23:07,192.168.78.161,AS14061,8e5eab1328644597,237.25,paypal,ZA,AU,desktop,Safari,1
T00320,U0074,2025-07-17 14:35:30,200.57.207.178,AS3320,e96627a84b564e13,6.27,credit_card,MX,MX,mobile,Chrome,0
T00258,U0001,2025-07-18 07:50:51,101.160.77.89,AS7018,ea1821551f244e7f,344.71,credit_card,AU,RU,unknown,Chrome,1
T00446,U0036,2025-07-18 16:18:56,202.232.20.231,AS15169,b1f5750efecf443f,360.07,credit_card,JP,JP,tablet,Chrome,0
T00108,U0040,2025-07-19 06:18:29,91.194.204.85,AS3320,519ad394190d4220,400.74,debit_card,DE,DE,desktop,Firefox,0
T00101,U0028,2025-07-20 03:43:23,59.6.122.68,AS15169,796133f910d14706,201.72,bank_transfer,KR,KR,unknown,Safari,0
T00445,U0084,2025-07-22 01:38:00,142.36.80.1,AS7922,e69e592b86094e90,138.37,bank_transfer,CA,CA,mobile,Edge,0
T00493,U0001,2025-07-23 00:11:47,142.36.52.174,AS210000,c50a097a22d24608,57.6,crypto,RU,RU,mobile,Chrome,0
T00464,U0089,2025-07-23 03:40:29,192.168.10.196,AS7018,c036571a4cb84873,344.99,bank_transfer,US,US,desktop,Edge,0
T00055,U0046,2025-07-23 11:41:05,41.207.0.78,AS7018,2c3d3c9a22474f1c,43.85,paypal,NG,NG,tablet,Firefox,0
T00437,U0013,2025-07-23 13:07:49,142.36.9.29,AS16509,1eb46e2455724a72,171.89,debit_card,CA,CA,tablet,Edge,0
T00083,U0044,2025-07-24 20:16:53,90.63.160.170,AS15169,04840810b554425d,211.82,debit_card,FR,FR,mobile,bot_crawler,0
T00483,U0093,2025-07-25 23:21:14,90.63.236.106,AS7922,f5159ad668714127,368.69,bank_transfer,FR,FR,unknown,bot_crawler,0
T00281,U0016,2025-07-26 17:12:59,86.6.10.151,AS15169,e176c925c4ff49f6,143.86,bank_transfer,GB,GB,mobile,Safari,0
T00152,U0034,2025-07-26 17:46:00,192.168.82.190,AS15169,3a40c80861a04eda,246.98,bank_transfer,US,US,tablet,Edge,0
T00441,U0042,2025-07-27 16:04:36,142.36.222.89,AS7922,2ec87db112ed40c2,312.83,bank_transfer,CA,CA,desktop,Chrome,0
T00171,U0066,2025-07-27 19:58:50,86.6.192.102,AS7018,0736194f6b8e44e8,369.91,credit_card,GB,GB,mobile,Edge,0
T00329,U0066,2025-07-30 07:34:01,86.6.192.102,AS7018,0736194f6b8e44e8,176.13,credit_card,GB,GB,tablet,Chrome,0
T00491,U0044,2025-07-30 16:23:13,90.63.160.170,AS15169,04840810b554425d,347.99,paypal,FR,FR,desktop,Safari,0
T00175,U0064,2025-07-30 23:55:39,101.160.242.172,AS3320,0a7ea82979be4b91,264.01,debit_card,AU,AU,unknown,Safari,0
T00379,U0064,2025-07-31 07:37:19,101.160.242.172,AS3320,0a7ea82979be4b91,196.44,paypal,AU,AU,unknown,Safari,0
T00197,U0007,2025-07-31 10:35:54,101.160.57.9,AS210000,83abf8595d1f4448,4164.82,crypto,MX,FR,desktop,Firefox,1
T00351,U0091,2025-07-31 11:16:25,86.6.164.172,AS15169,c499ae5c5af343b8,391.03,paypal,GB,GB,tablet,Edge,0
T00131,U0005,2025-07-31 21:09:02,59.6.185.148,AS7018,6fd369e654aa479c,9591.55,crypto,RU,KR,tablet,Edge,1
T00370,U0016,2025-08-01 01:18:44,86.6.10.151,AS15169,e176c925c4ff49f6,190.42,crypto,GB,GB,mobile,Firefox,0
T00289,U0070,2025-08-01 13:18:14,101.6.44.72,AS3320,7f61642e42a04123,290.5,bank_transfer,CN,CN,unknown,Safari,0
T00092,U0012,2025-08-02 03:13:34,101.160.234.17,AS200000,610575450e974f66,214.09,credit_card,GB,GB,unknown,bot_crawler,1
T00186,U0041,2025-08-02 07:14:11,90.63.169.241,AS7018,009b671141aa4303,455.92,bank_transfer,FR,FR,mobile,Firefox,0
T00222,U0086,2025-08-03 05:41:26,202.232.136.212,AS3320,1cd0db9e2c4c492f,208.2,credit_card,JP,JP,tablet,bot_crawler,0
T00211,U0006,2025-08-03 09:45:07,200.57.142.117,AS16509,c001333bb5fb4d4c,3260.47,paypal,AU,MX,tablet,Safari,1
T00236,U0082,2025-08-03 18:41:06,41.207.194.116,AS7018,1ebd677d770f4fdb,469.92,crypto,NG,NG,mobile,bot_crawler,0
T00381,U0066,2025-08-03 23:56:37,86.6.192.102,AS7018,0736194f6b8e44e8,35.13,crypto,GB,GB,unknown,bot_crawler,0
T00065,U0077,2025-08-04 06:36:10,101.160.144.252,AS7018,2ae78e61ce814c01,476.39,credit_card,AU,AU,unknown,bot_crawler,0
T00342,U0080,2025-08-04 21:51:52,142.36.58.211,AS16509,dfe8d0e0ccdc4709,374.55,debit_card,CA,CA,desktop,Edge,0
T00206,U0002,2025-08-05 10:17:20,101.6.47.138,AS15169,6240fa285c874db6,130.97,debit_card,CN,US,desktop,Safari,1
T00147,U0070,2025-08-05 15:22:10,101.6.44.72,AS3320,7f61642e42a04123,468.84,debit_card,CN,CN,mobile,bot_crawler,0
T00135,U0034,2025-08-07 02:58:07,192.168.82.190,AS15169,3a40c80861a04eda,57.45,debit_card,US,US,unknown,Chrome,0
T00042,U0008,2025-08-08 22:29:42,95.163.205.69,AS15169,21250dd63e904b52,100,crypto,RU,RU,unknown,Edge,1
T00427,U0097,2025-08-10 03:13:33,59.6.212.214,AS15169,8af6da1f18644501,446.07,crypto,KR,KR,mobile,Safari,0
T00144,U0018,2025-08-10 11:24:36,91.194.67.186,AS7018,21eb1d1ef6df4b22,282.54,paypal,DE,DE,tablet,Chrome,0
T00082,U0094,2025-08-10 12:41:38,41.207.104.69,AS7922,81dbb0b54ae74b03,491.31,crypto,NG,NG,tablet,Edge,0
T00365,U0041,2025-08-11 11:12:26,90.63.169.241,AS7018,009b671141aa4303,198.45,bank_transfer,FR,FR,desktop,Firefox,0
T00182,U0030,2025-08-11 11:36:14,142.36.145.41,AS15169,a0e9cccfa2774051,10.65,paypal,CA,CA,mobile,Chrome,0
T00317,U0053,2025-08-12 22:46:59,200.57.228.230,AS7018,bf6ea47f0d694c43,315.0,crypto,MX,MX,unknown,bot_crawler,0
T00284,U0083,2025-08-13 05:59:45,91.194.106.161,AS7922,5abd0d17a3464362,317.41,crypto,DE,DE,unknown,Edge,0
T00039,U0013,2025-08-13 10:35:27,86.6.58.196,AS15169,de5dd5ab66a44c21,1000,paypal,GB,CA,mobile,Edge,1
T00073,U0063,2025-08-15 07:31:33,101.6.35.200,AS3320,55f94da558824b23,332.82,paypal,CN,CN,tablet,Edge,0
T00345,U0077,2025-08-16 15:01:21,101.160.144.252,AS7018,2ae78e61ce814c01,132.86,credit_card,AU,AU,desktop,Chrome,0
T00025,U0047,2025-08-16 17:29:11,200.57.226.173,AS16509,e766f39bd0f04e0a,111.68,debit_card,MX,MX,tablet,Firefox,0
T00361,U0083,2025-08-16 19:35:37,91.194.106.161,AS7922,5abd0d17a3464362,353.12,debit_card,DE,DE,desktop,bot_crawler,0
T00208,U0025,2025-08-17 04:40:36,192.168.29.13,AS15169,f79f721d00094dbb,362.81,bank_transfer,US,US,mobile,Edge,0
T00500,U0090,2025-08-17 12:08:55,200.57.142.47,AS16509,969fc44a91cb41f8,275.03,bank_transfer,MX,MX,mobile,Firefox,0
T00027,U0026,2025-08-17 16:30:25,192.168.35.153,AS3320,e623c92ebce142ce,164.94,debit_card,US,US,tablet,Chrome,0
T00294,U0012,2025-08-19 13:29:38,86.6.91.130,AS15169,c9067934e75f454d,6991.16,credit_card,AU,GB,unknown,Firefox,1
T00413,U0064,2025-08-19 14:21:40,101.160.242.172,AS3320,0a7ea82979be4b91,305.87,paypal,AU,AU,desktop,Edge,0
T00074,U0033,2025-08-20 02:11:10,187.0.47.163,AS7922,8779b378b8e7430d,355.16,credit_card,BR,BR,tablet,bot_crawler,0
T00302,U0019,2025-08-22 09:43:02,101.160.49.169,AS7922,4b0b85175b664570,301.4,bank_transfer,AU,AU,tablet,Chrome,0
T00174,U0100,2025-08-23 02:20:40,196.25.176.86,AS16509,78b61040dd5c4be6,58.01,paypal,ZA,ZA,tablet,Edge,0
T00234,U0070,2025-08-24 00:34:53,101.6.44.72,AS3320,7f61642e42a04123,384.89,bank_transfer,CN,CN,unknown,Safari,0
T00034,U0044,2025-08-24 02:59:12,90.63.160.170,AS15169,04840810b554425d,217.52,credit_card,FR,FR,mobile,Edge,0
T00069,U0089,2025-08-25 19:47:54,192.168.10.196,AS7018,c036571a4cb84873,83.42,paypal,US,US,tablet,Edge,0
T00479,U0048,2025-08-26 05:33:04,200.57.145.132,AS7922,9e49a3da4e7b4ed1,101.79,credit_card,MX,MX,unknown,Firefox,0
T00146,U0049,2025-08-26 07:20:05,95.163.75.7,AS3320,38d39832d391480c,63.69,credit_card,RU,RU,unknown,Safari,0
T00265,U0074,2025-08-27 11:53:29,200.57.207.178,AS3320,e96627a84b564e13,441.25,crypto,MX,MX,unknown,Edge,0
T00431,U0033,2025-08-27 15:21:58,187.0.47.163,AS7922,8779b378b8e7430d,219.25,crypto,BR,BR,unknown,Edge,0
T00091,U0080,2025-08-27 23:27:41,142.36.58.211,AS16509,dfe8d0e0ccdc4709,7.59,credit_card,CA,CA,desktop,Safari,0
T00151,U0088,2025-08-28 10:12:03,187.0.20.228,AS7922,145a090ffe1044e5,370.22,paypal,BR,BR,tablet,bot_crawler,0
T00079,U0042,2025-08-29 00:28:14,142.36.222.89,AS7922,2ec87db112ed40c2,69.74,crypto,CA,CA,mobile,Firefox,0
T00473,U0043,2025-08-29 10:06:53,202.232.223.1,AS7922,6684a51cbf0f4d18,319.94,bank_transfer,JP,JP,mobile,Edge,0
T00388,U0041,2025-08-30 23:19:14,90.63.169.241,AS7018,009b671141aa4303,295.26,crypto,FR,FR,desktop,Edge,0
T00490,U0047,2025-08-31 09:39:48,200.57.226.173,AS16509,e766f39bd0f04e0a,357.91,paypal,MX,MX,mobile,Firefox,0
T00128,U0084,2025-08-31 12:34:04,142.36.80.1,AS7922,e69e592b86094e90,360.99,bank_transfer,CA,CA,tablet,bot_crawler,0
T00285,U0023,2025-09-04 01:50:19,202.232.30.43,AS16509,3bc5f594464e4ee1,397.53,credit_card,JP,JP,unknown,bot_crawler,0
T00235,U0038,2025-09-04 06:27:15,200.57.170.201,AS3320,6ed2da2db55f42bb,140.02,crypto,MX,MX,unknown,Firefox,0
T00429,U0062,2025-09-04 09:57:32,101.160.142.193,AS16509,72f4eb6254ca4629,33.66,crypto,AU,AU,tablet,Firefox,0
T00061,U0064,2025-09-04 17:24:34,101.160.242.172,AS3320,0a7ea82979be4b91,492.35,paypal,AU,AU,tablet,Firefox,0
T00167,U0095,2025-09-05 18:04:27,101.6.122.182,AS7922,9affa44c7b134d41,120.02,credit_card,CN,CN,unknown,Safari,0
T00377,U0096,2025-09-05 20:22:05,187.0.236.243,AS7922,bc8dc6a3390144eb,149.15,credit_card,BR,BR,unknown,Chrome,0
T00217,U0030,2025-09-07 05:01:32,142.36.145.41,AS15169,a0e9cccfa2774051,370.36,crypto,CA,CA,mobile,Safari,0
T00075,U0056,2025-09-07 21:47:30,142.36.109.17,AS3320,e70bc8c78cdb4469,396.08,debit_card,CA,CA,desktop,Edge,0
T00397,U0043,2025-09-08 17:00:25,202.232.223.1,AS7922,6684a51cbf0f4d18,49.11,crypto,JP,JP,mobile,Edge,0
T00304,U0039,2025-09-08 22:44:19,142.36.240.57,AS7922,5516b63125c344ba,31.96,debit_card,CA,CA,unknown,Edge,0
T00455,U0084,2025-09-09 08:19:42,142.36.80.1,AS7922,e69e592b86094e90,89.23,paypal,CA,CA,unknown,bot_crawler,0
T00016,U0095,2025-09-09 12:33:27,101.6.122.182,AS7922,9affa44c7b134d41,36.23,crypto,CN,CN,tablet,Edge,0
T00130,U0072,2025-09-10 20:58:16,101.160.141.143,AS15169,9c50671ed8fe46ed,109.14,bank_transfer,AU,AU,unknown,bot_crawler,0
T00216,U0019,2025-09-12 05:23:18,101.160.49.169,AS7922,4b0b85175b664570,471.07,paypal,AU,AU,tablet,Edge,0
T00463,U0072,2025-09-12 08:47:46,101.160.141.143,AS15169,9c50671ed8fe46ed,160.23,bank_transfer,AU,AU,mobile,Safari,0
T00330,U0025,2025-09-13 06:30:57,192.168.29.13,AS15169,f79f721d00094dbb,190.88,paypal,US,US,desktop,Firefox,0
T00482,U0067,2025-09-13 17:15:40,86.6.61.204,AS7018,c17b60cd78bf4832,296.12,bank_transfer,GB,GB,mobile,Edge,0
T00255,U0005,2025-09-13 19:11:01,91.194.205.137,AS7018,366e6f5ed8584183,4576.98,bank_transfer,DE,KR,unknown,bot_crawler,1
T00045,U0073,2025-09-15 01:42:56,86.6.123.177,AS7018,bf9f822ef2d040f8,214.46,bank_transfer,GB,GB,unknown,Edge,0
T00268,U0014,2025-09-18 11:23:25,101.160.64.33,AS7922,285343c2f1234de8,320.72,bank_transfer,FR,AU,desktop,Safari,1
T00207,U0056,2025-09-19 15:04:38,142.36.109.17,AS3320,e70bc8c78cdb4469,303.85,credit_card,CA,CA,desktop,Firefox,0
T00015,U0036,2025-09-20 01:55:57,202.232.20.231,AS15169,b1f5750efecf443f,120.51,credit_card,JP,JP,tablet,bot_crawler,0
T00297,U0064,2025-09-20 23:22:30,101.160.242.172,AS3320,0a7ea82979be4b91,75.57,bank_transfer,AU,AU,desktop,bot_crawler,0
T00341,U0018,2025-09-20 23:48:23,91.194.67.186,AS7018,21eb1d1ef6df4b22,152.63,debit_card,DE,DE,desktop,Edge,0
T00257,U0064,2025-09-21 02:29:44,101.160.242.172,AS3320,0a7ea82979be4b91,324.49,paypal,AU,AU,unknown,Chrome,0
T00109,U0043,2025-09-21 08:14:46,202.232.223.1,AS7922,6684a51cbf0f4d18,390.97,credit_card,JP,JP,mobile,Chrome,0
T00111,U0009,2025-09-21 17:19:01,90.63.160.167,AS200000,4040844fd79e4720,4086.7,paypal,RU,RU,mobile,Chrome,1
T00123,U0022,2025-09-22 03:04:30,101.6.7.249,AS7018,79052ce555554456,260.58,debit_card,CN,CN,mobile,Firefox,0
T00444,U0061,2025-09-24 07:33:37,86.6.93.13,AS16509,b9a0fce6d70c43dd,316.37,paypal,GB,GB,unknown,Chrome,0
T00299,U0076,2025-09-24 15:15:37,91.194.161.31,AS3320,d2bc10b1f0a545a1,223.54,debit_card,DE,DE,desktop,Chrome,0
T00037,U0003,2025-09-24 17:38:09,101.6.30.151,AS3320,819db2df3b514a9e,100,bank_transfer,CN,CN,tablet,Chrome,1
T00132,U0023,2025-09-25 10:20:37,202.232.30.43,AS16509,3bc5f594464e4ee1,34.6,crypto,JP,JP,unknown,Edge,0
T00184,U0006,2025-09-26 01:58:21,200.57.142.117,AS16509,5443508bf4cc4397,9210.71,debit_card,MX,MX,mobile,Edge,1
T00369,U0001,2025-09-27 04:52:09,117.217.85.227,AS200000,46d25b07dc5c421a,3012.33,crypto,AU,RU,unknown,Edge,1
T00114,U0029,2025-09-27 12:22:06,101.6.51.19,AS16509,62fa10a5a59e4134,457.74,crypto,CN,CN,mobile,Chrome,0
T00250,U0015,2025-09-28 00:35:38,187.0.159.103,AS3320,2e2f1d32cf8b4209,3553.01,paypal,BR,BR,unknown,bot_crawler,1
T00459,U0033,2025-09-28 08:46:24,187.0.47.163,AS7922,8779b378b8e7430d,363.85,debit_card,BR,BR,desktop,Edge,0
T00375,U0097,2025-09-28 18:20:39,59.6.212.214,AS15169,8af6da1f18644501,278.73,bank_transfer,KR,KR,tablet,Safari,0
T00488,U0043,2025-09-29 20:36:21,202.232.223.1,AS7922,6684a51cbf0f4d18,442.9,bank_transfer,JP,JP,tablet,bot_crawler,0
T00041,U0069,2025-09-30 21:37:38,202.232.222.46,AS3320,8cfa9b9fb1ec4d77,381.63,paypal,JP,JP,tablet,Chrome,0
T00199,U0094,2025-10-01 03:06:11,41.207.104.69,AS7922,81dbb0b54ae74b03,435.87,debit_card,NG,NG,desktop,Edge,0
T00357,U0038,2025-10-01 04:39:21,200.57.170.201,AS3320,6ed2da2db55f42bb,351.08,bank_transfer,MX,MX,mobile,bot_crawler,0
T00266,U0093,2025-10-01 16:36:43,90.63.236.106,AS7922,f5159ad668714127,111.11,paypal,FR,FR,desktop,bot_crawler,0
T00052,U0046,2025-10-03 13:00:34,41.207.0.78,AS7018,2c3d3c9a22474f1c,321.23,paypal,NG,NG,desktop,Edge,0
T00415,U0020,2025-10-04 03:52:27,202.232.31.104,AS7922,fb2ece9dba1d40b8,475.38,paypal,JP,JP,mobile,Firefox,0
T00283,U0083,2025-10-04 06:40:50,91.194.106.161,AS7922,5abd0d17a3464362,164.12,debit_card,DE,DE,unknown,Edge,0
T00085,U0036,2025-10-04 06:44:15,202.232.20.231,AS15169,b1f5750efecf443f,422.87,credit_card,JP,JP,tablet,Chrome,0
T00489,U0062,2025-10-04 11:08:59,101.160.142.193,AS16509,72f4eb6254ca4629,368.99,bank_transfer,AU,AU,mobile,Firefox,0
T00419,U0030,2025-10-05 01:05:01,142.36.145.41,AS15169,a0e9cccfa2774051,114.85,bank_transfer,CA,CA,unknown,Safari,0
T00121,U0088,2025-10-06 10:18:19,187.0.20.228,AS7922,145a090ffe1044e5,360.12,bank_transfer,BR,BR,unknown,Edge,0
T00138,U0068,2025-10-08 01:24:14,187.0.174.4,AS7018,41fa29c2c847405d,159.48,debit_card,BR,BR,unknown,bot_crawler,0
T00020,U0031,2025-10-10 04:23:41,41.207.153.239,AS7018,a2b5a87740f44fda,81.33,crypto,NG,NG,desktop,Edge,0
T00465,U0084,2025-10-10 04:53:14,142.36.80.1,AS7922,e69e592b86094e90,127.8,paypal,CA,CA,unknown,Firefox,0
T00439,U0095,2025-10-10 09:42:16,101.6.122.182,AS7922,9affa44c7b134d41,491.53,debit_card,CN,CN,desktop,bot_crawler,0
T00253,U0038,2025-10-10 10:07:11,200.57.170.201,AS3320,6ed2da2db55f42bb,233.04,debit_card,MX,MX,unknown,Safari,0
T00036,U0021,2025-10-11 08:28:53,101.160.93.72,AS16509,4c4a68ccbc10492a,51.97,crypto,AU,AU,tablet,Safari,0
T00363,U0007,2025-10-12 10:00:56,142.36.182.58,AS7018,ae7cbb76b6294e2b,479.57,bank_transfer,CA,FR,mobile,Edge,1
T00364,U0028,2025-10-13 01:19:44,59.6.122.68,AS15169,796133f910d14706,345.12,debit_card,KR,KR,mobile,Chrome,0
T00112,U0038,2025-10-13 16:59:12,200.57.170.201,AS3320,6ed2da2db55f42bb,96.91,bank_transfer,MX,MX,unknown,bot_crawler,0
T00210,U0052,2025-10-15 23:02:59,192.168.233.35,AS7922,7b25373c91504083,62.95,crypto,US,US,mobile,bot_crawler,0
T00313,U0085,2025-10-16 01:05:04,91.194.232.19,AS15169,4678326f6dbc4c85,330.08,debit_card,DE,DE,desktop,Chrome,0
T00028,U0033,2025-10-16 01:18:48,187.0.47.163,AS7922,8779b378b8e7430d,212.95,credit_card,BR,BR,desktop,Edge,0
T00396,U0007,2025-10-16 20:00:24,90.63.125.42,AS3320,ae7cbb76b6294e2b,223.9,paypal,FR,FR,tablet,Edge,0
T00050,U0015,2025-10-18 02:40:34,101.6.36.102,AS15169,65f2e46ba57646ad,1814.22,credit_card,CN,BR,unknown,Chrome,1
T00315,U0033,2025-10-19 04:25:20,187.0.47.163,AS7922,8779b378b8e7430d,390.88,paypal,BR,BR,desktop,Chrome,0
T00438,U0082,2025-10-19 07:35:02,41.207.194.116,AS7018,1ebd677d770f4fdb,98.08,crypto,NG,NG,desktop,Firefox,0
T00300,U0087,2025-10-20 05:18:06,142.36.239.177,AS7922,ae57c1d98e4f4033,65.84,crypto,CA,CA,tablet,Edge,0
T00060,U0022,2025-10-20 23:56:41,101.6.7.249,AS7018,79052ce555554456,283.49,bank_transfer,CN,CN,unknown,bot_crawler,0
T00187,U0049,2025-10-21 02:40:56,95.163.75.7,AS3320,38d39832d391480c,299.33,credit_card,RU,RU,unknown,bot_crawler,0
T00178,U0094,2025-10-22 02:23:12,41.207.104.69,AS7922,81dbb0b54ae74b03,100.42,bank_transfer,NG,NG,unknown,Edge,0
T00059,U0058,2025-10-23 05:43:12,101.6.214.138,AS16509,53f95edfd64e4564,380.02,credit_card,CN,CN,mobile,Edge,0
T00290,U0049,2025-10-24 00:43:20,95.163.75.7,AS3320,38d39832d391480c,28.91,credit_card,RU,RU,unknown,Chrome,0
T00311,U0015,2025-10-24 09:45:52,187.0.159.103,AS3320,2e2f1d32cf8b4209,37.66,debit_card,IN,BR,desktop,Firefox,1
T00416,U0089,2025-10-25 06:44:18,192.168.10.196,AS7018,c036571a4cb84873,123.71,credit_card,US,US,unknown,Safari,0
T00077,U0070,2025-10-25 13:05:36,101.6.44.72,AS3320,7f61642e42a04123,245.22,debit_card,CN,CN,mobile,Firefox,0
T00475,U0002,2025-10-26 00:50:21,41.207.101.184,AS14061,75fbfc89a482457c,311.16,crypto,US,US,tablet,Edge,0
T00080,U0008,2025-10-27 11:09:09,95.163.145.193,AS16509,e35034bf31d9467a,361.26,crypto,RU,RU,mobile,bot_crawler,1
T00163,U0007,2025-10-27 11:51:54,59.6.140.74,AS210000,ae7cbb76b6294e2b,2548.2,credit_card,DE,FR,unknown,Edge,1
T00164,U0016,2025-10-28 05:28:54,86.6.10.151,AS15169,e176c925c4ff49f6,402.48,paypal,GB,GB,desktop,Safari,0
T00430,U0025,2025-10-28 09:56:11,192.168.29.13,AS15169,f79f721d00094dbb,88.29,debit_card,US,US,unknown,Chrome,0
T00287,U0015,2025-10-28 15:27:49,187.0.159.103,AS3320,2e2f1d32cf8b4209,1000,credit_card,KR,BR,unknown,Firefox,1
T00070,U0097,2025-10-28 18:32:06,59.6.212.214,AS15169,8af6da1f18644501,172.15,bank_transfer,KR,KR,desktop,Safari,0
T00159,U0044,2025-10-28 23:15:55,90.63.160.170,AS15169,04840810b554425d,307.07,crypto,FR,FR,desktop,Firefox,0
T00029,U0080,2025-10-30 03:38:39,142.36.58.211,AS16509,dfe8d0e0ccdc4709,183.85,bank_transfer,CA,CA,desktop,Edge,0
T00006,U0049,2025-10-30 06:23:24,95.163.75.7,AS3320,38d39832d391480c,372.87,credit_card,RU,RU,unknown,Safari,0
T00110,U0026,2025-10-30 08:17:21,192.168.35.153,AS3320,e623c92ebce142ce,323.71,paypal,US,US,unknown,bot_crawler,0
T00056,U0071,2025-10-30 13:54:17,41.207.253.218,AS7922,fa21bb95f16244e3,88.06,bank_transfer,NG,NG,desktop,bot_crawler,0
T00461,U0056,2025-10-30 14:20:15,142.36.109.17,AS3320,e70bc8c78cdb4469,182.15,credit_card,CA,CA,mobile,Edge,0
T00243,U0001,2025-10-30 14:22:56,142.36.52.174,AS210000,c50a097a22d24608,9069.78,bank_transfer,JP,RU,mobile,Edge,1
T00451,U0024,2025-10-30 17:42:39,91.194.249.40,AS7018,d90c8e4c18494394,257.78,credit_card,DE,DE,tablet,Firefox,0
T00390,U0100,2025-10-30 17:52:59,196.25.176.86,AS16509,78b61040dd5c4be6,54.89,paypal,ZA,ZA,tablet,Edge,0
T00155,U0020,2025-11-01 01:11:38,202.232.31.104,AS7922,fb2ece9dba1d40b8,485.2,bank_transfer,JP,JP,mobile,Chrome,0
T00327,U0003,2025-11-01 16:08:14,101.6.216.88,AS3320,b18b8e5b4e3e4c69,6452.92,crypto,RU,CN,mobile,bot_crawler,1
T00378,U0028,2025-11-01 19:34:47,59.6.122.68,AS15169,796133f910d14706,201.35,crypto,KR,KR,tablet,Chrome,0
T00011,U0033,2025-11-02 10:49:50,187.0.47.163,AS7922,8779b378b8e7430d,271.47,paypal,BR,BR,tablet,Firefox,0
T00009,U0028,2025-11-03 06:22:56,59.6.122.68,AS15169,796133f910d14706,222.77,bank_transfer,KR,KR,tablet,Firefox,0
T00301,U0062,2025-11-04 05:22:08,101.160.142.193,AS16509,72f4eb6254ca4629,74.08,paypal,AU,AU,desktop,Firefox,0
T00328,U0025,2025-11-06 03:00:40,192.168.29.13,AS15169,f79f721d00094dbb,126.09,credit_card,US,US,unknown,Chrome,0
T00154,U0028,2025-11-06 10:17:35,59.6.122.68,AS15169,796133f910d14706,448.99,credit_card,KR,KR,unknown,Safari,0
T00007,U0059,2025-11-07 05:54:57,101.6.14.100,AS16509,efa6c11e0130491b,118.68,paypal,CN,CN,mobile,Firefox,0
T00267,U0036,2025-11-07 11:54:07,202.232.20.231,AS15169,b1f5750efecf443f,435.76,debit_card,JP,JP,tablet,Safari,0
T00322,U0019,2025-11-08 21:34:43,101.160.49.169,AS7922,4b0b85175b664570,456.49,crypto,AU,AU,mobile,Safari,0
T00343,U0036,2025-11-09 04:51:38,202.232.20.231,AS15169,b1f5750efecf443f,397.14,credit_card,JP,JP,desktop,Chrome,0
T00410,U0043,2025-11-09 15:56:28,202.232.223.1,AS7922,6684a51cbf0f4d18,470.84,paypal,JP,JP,unknown,Edge,0
T00316,U0071,2025-11-10 10:47:25,41.207.253.218,AS7922,fa21bb95f16244e3,217.09,bank_transfer,NG,NG,desktop,Safari,0
T00176,U0052,2025-11-11 02:41:30,192.168.233.35,AS7922,7b25373c91504083,60.65,debit_card,US,US,unknown,Safari,0
T00274,U0001,2025-11-13 14:21:47,101.160.250.43,AS16509,c50a097a22d24608,5878.31,credit_card,AU,RU,desktop,Firefox,1
T00202,U0013,2025-11-14 19:52:39,142.36.9.29,AS16509,9bf79ba9825b45ab,3436.28,debit_card,CA,CA,unknown,Safari,1
T00040,U0002,2025-11-14 20:17:28,41.207.101.184,AS14061,75fbfc89a482457c,280.03,paypal,US,US,desktop,Firefox,1
T00347,U0035,2025-11-16 02:39:46,187.0.18.214,AS3320,dd52382217524121,362.87,crypto,BR,BR,desktop,Edge,0
T00436,U0045,2025-11-16 22:46:51,95.163.65.50,AS15169,74e5734cb1024cfb,27.58,paypal,RU,RU,unknown,bot_crawler,0
T00480,U0067,2025-11-17 05:24:05,86.6.61.204,AS7018,c17b60cd78bf4832,391.02,paypal,GB,GB,desktop,Edge,0
T00288,U0098,2025-11-17 08:08:14,101.6.69.222,AS3320,bc139bceaca847b7,109.65,paypal,CN,CN,tablet,Safari,0
T00129,U0060,2025-11-17 11:45:34,196.25.13.233,AS7018,3301902549374e07,431.71,credit_card,ZA,ZA,desktop,bot_crawler,0
T00477,U0082,2025-11-19 07:04:42,41.207.194.116,AS7018,1ebd677d770f4fdb,318.03,paypal,NG,NG,tablet,Chrome,0
T00005,U0079,2025-11-19 08:30:38,117.217.145.121,AS7922,ee4cb850cfd24273,330.17,paypal,IN,IN,desktop,bot_crawler,0
T00442,U0020,2025-11-21 17:12:12,202.232.31.104,AS7922,fb2ece9dba1d40b8,14.75,credit_card,JP,JP,unknown,Edge,0
T00358,U0052,2025-11-21 22:34:47,192.168.233.35,AS7922,7b25373c91504083,493.08,crypto,US,US,tablet,Firefox,0
T00495,U0083,2025-11-22 23:36:20,91.194.106.161,AS7922,5abd0d17a3464362,35.64,paypal,DE,DE,mobile,bot_crawler,0
T00395,U0011,2025-11-24 07:53:57,202.232.5.175,AS7018,725912f91a9d422f,247.86,credit_card,JP,JP,mobile,Firefox,0
T00326,U0059,2025-11-25 02:32:24,101.6.14.100,AS16509,efa6c11e0130491b,158.48,credit_card,CN,CN,unknown,Chrome,0
T00003,U0067,2025-11-25 06:48:13,86.6.61.204,AS7018,c17b60cd78bf4832,154.25,crypto,GB,GB,unknown,Chrome,0
T00269,U0082,2025-11-25 08:47:49,41.207.194.116,AS7018,1ebd677d770f4fdb,231.18,debit_card,NG,NG,tablet,bot_crawler,0
T00116,U0049,2025-11-25 08:49:44,95.163.75.7,AS3320,38d39832d391480c,492.37,paypal,RU,RU,desktop,bot_crawler,0
T00023,U0011,2025-11-26 08:14:31,202.232.5.175,AS7018,725912f91a9d422f,200,credit_card,GB,JP,desktop,Safari,1
T00467,U0044,2025-11-26 15:48:51,90.63.160.170,AS15169,04840810b554425d,236.83,crypto,FR,FR,mobile,Chrome,0
T00458,U0061,2025-11-27 08:50:01,86.6.93.13,AS16509,b9a0fce6d70c43dd,241.25,crypto,GB,GB,mobile,Chrome,0
T00335,U0072,2025-11-27 11:05:26,101.160.141.143,AS15169,9c50671ed8fe46ed,160.61,crypto,AU,AU,tablet,Safari,0
T00454,U0004,2025-11-27 14:11:12,86.6.135.207,AS7018,feceae70019d431a,379.55,credit_card,GB,GB,desktop,Firefox,0
T00400,U0059,2025-11-27 14:38:51,101.6.14.100,AS16509,efa6c11e0130491b,264.0,bank_transfer,CN,CN,desktop,Firefox,0
T00072,U0030,2025-11-27 17:10:22,142.36.145.41,AS15169,a0e9cccfa2774051,329.34,bank_transfer,CA,CA,mobile,Safari,0
T00453,U0060,2025-11-27 23:32:00,196.25.13.233,AS7018,3301902549374e07,148.54,paypal,ZA,ZA,unknown,Chrome,0
T00115,U0087,2025-11-28 04:55:01,142.36.239.177,AS7922,ae57c1d98e4f4033,41.58,debit_card,CA,CA,unknown,Chrome,0
T00022,U0012,2025-11-29 05:22:25,86.6.91.130,AS15169,7c677e786db1482a,9819.74,paypal,DE,GB,desktop,Edge,1
T00225,U0020,2025-11-30 07:10:56,202.232.31.104,AS7922,fb2ece9dba1d40b8,326.05,credit_card,JP,JP,desktop,Edge,0
T00134,U0050,2025-12-01 07:01:35,41.207.99.184,AS7018,b865bf5af80c4578,175.61,crypto,NG,NG,mobile,Safari,0
T00279,U0009,2025-12-01 20:16:58,90.63.179.221,AS7018,ea4118a54cff46ce,496.02,bank_transfer,FR,RU,unknown,Firefox,1
T00137,U0032,2025-12-02 14:35:27,86.6.107.184,AS15169,1e0b4ea6e6fd4272,309.0,debit_card,GB,GB,mobile,Safari,0
T00408,U0079,2025-12-02 18:56:06,117.217.145.121,AS7922,ee4cb850cfd24273,390.47,credit_card,IN,IN,unknown,Firefox,0
T00382,U0049,2025-12-03 16:02:16,95.163.75.7,AS3320,38d39832d391480c,467.56,bank_transfer,RU,RU,mobile,Edge,0
T00209,U0047,2025-12-04 16:05:01,200.57.226.173,AS16509,e766f39bd0f04e0a,453.07,paypal,MX,MX,desktop,Firefox,0
T00426,U0018,2025-12-05 04:54:08,91.194.67.186,AS7018,21eb1d1ef6df4b22,426.99,debit_card,DE,DE,mobile,Safari,0
T00173,U0031,2025-12-05 18:20:18,41.207.153.239,AS7018,a2b5a87740f44fda,462.46,credit_card,NG,NG,desktop,Safari,0
T00084,U0087,2025-12-06 00:58:03,142.36.239.177,AS7922,ae57c1d98e4f4033,128.5,crypto,CA,CA,tablet,bot_crawler,0
T00401,U0052,2025-12-06 21:16:26,192.168.233.35,AS7922,7b25373c91504083,416.47,credit_card,US,US,mobile,Chrome,0
T00303,U0084,2025-12-07 03:18:03,142.36.80.1,AS7922,e69e592b86094e90,154.01,bank_transfer,CA,CA,mobile,Edge,0
T00456,U0069,2025-12-08 03:59:07,202.232.222.46,AS3320,8cfa9b9fb1ec4d77,367.14,paypal,JP,JP,tablet,Firefox,0
T00203,U0011,2025-12-08 15:31:39,95.163.195.202,AS210000,c6ade7219af541e9,1000,bank_transfer,RU,JP,tablet,Edge,1
T00212,U0034,2025-12-09 20:24:13,192.168.82.190,AS15169,3a40c80861a04eda,250.65,credit_card,US,US,unknown,Safari,0
T00035,U0080,2025-12-11 21:36:29,142.36.58.211,AS16509,dfe8d0e0ccdc4709,117.88,paypal,CA,CA,unknown,Edge,0
T00103,U0035,2025-12-12 10:36:54,187.0.18.214,AS3320,dd52382217524121,202.61,crypto,BR,BR,unknown,Safari,0
T00393,U0088,2025-12-12 11:25:57,187.0.20.228,AS7922,145a090ffe1044e5,439.21,debit_card,BR,BR,desktop,Edge,0
T00433,U0001,2025-12-13 10:06:07,142.36.52.174,AS210000,c50a097a22d24608,164.17,bank_transfer,RU,RU,mobile,Chrome,0
T00466,U0002,2025-12-13 10:37:09,41.207.101.184,AS14061,75fbfc89a482457c,492.97,credit_card,US,US,desktop,Firefox,0
T00150,U0043,2025-12-13 20:35:26,202.232.223.1,AS7922,6684a51cbf0f4d18,259.66,paypal,JP,JP,tablet,Firefox,0
T00374,U0013,2025-12-13 21:28:16,142.36.27.26,AS3320,1eb46e2455724a72,891.31,paypal,CA,CA,mobile,Firefox,1
T00126,U0089,2025-12-14 13:18:50,192.168.10.196,AS7018,c036571a4cb84873,145.32,credit_card,US,US,tablet,Firefox,0
T00478,U0060,2025-12-15 07:30:02,196.25.13.233,AS7018,3301902549374e07,86.09,debit_card,ZA,ZA,unknown,Chrome,0
T00394,U0069,2025-12-15 08:56:17,202.232.222.46,AS3320,8cfa9b9fb1ec4d77,188.99,paypal,JP,JP,tablet,Safari,0
T00001,U0022,2025-12-16 23:52:50,101.6.7.249,AS7018,79052ce555554456,147.09,bank_transfer,CN,CN,mobile,Chrome,0
T00010,U0024,2025-12-20 06:20:44,91.194.249.40,AS7018,d90c8e4c18494394,150.78,crypto,DE,DE,mobile,Firefox,0
T00087,U0024,2025-12-20 14:31:16,91.194.249.40,AS7018,d90c8e4c18494394,114.69,crypto,DE,DE,tablet,Chrome,0
T00012,U0048,2025-12-21 23:33:13,200.57.145.132,AS7922,9e49a3da4e7b4ed1,412.4,crypto,MX,MX,tablet,Safari,0
T00360,U0010,2025-12-23 11:24:45,192.168.78.161,AS14061,5a3893b522a84efc,173.33,paypal,JP,AU,desktop,Chrome,1
T00051,U0067,2025-12-24 17:51:22,86.6.61.204,AS7018,c17b60cd78bf4832,43.46,paypal,GB,GB,unknown,bot_crawler,0
T00229,U0060,2025-12-25 21:47:19,196.25.13.233,AS7018,3301902549374e07,41.73,paypal,ZA,ZA,desktop,Firefox,0
T00484,U0091,2025-12-25 23:45:39,86.6.164.172,AS15169,c499ae5c5af343b8,256.12,debit_card,GB,GB,mobile,Firefox,0
T00312,U0024,2025-12-26 02:09:19,91.194.249.40,AS7018,d90c8e4c18494394,219.63,crypto,DE,DE,desktop,Safari,0
T00481,U0060,2025-12-26 20:47:06,196.25.13.233,AS7018,3301902549374e07,317.82,bank_transfer,ZA,ZA,desktop,Edge,0
T00291,U0075,2025-12-27 22:56:32,101.6.169.91,AS7018,577315ae51db4ff8,428.68,crypto,CN,CN,unknown,Chrome,0
T00172,U0081,2025-12-29 16:47:22,86.6.155.22,AS3320,8a8235a119404e01,459.3,crypto,GB,GB,unknown,Firefox,0
T00306,U0001,2025-12-29 16:48:22,95.163.241.245,AS3320,c50a097a22d24608,4235.89,credit_card,RU,RU,desktop,bot_crawler,1
T00367,U0036,2025-12-30 18:33:46,202.232.20.231,AS15169,b1f5750efecf443f,250.12,paypal,JP,JP,desktop,Firefox,0
